code,name,assetType,price,currency,source,priceDate,memo
03311187,eMAXIS Slim 米国株式（S&P500）,mutualFund,44514,JPY,auto-mutual-fund,2026-10-01,基準価額 自動取得
0331418A,eMAXIS Slim 全世界株式（オール・カントリー）,mutualFund,37855,JPY,auto-mutual-fund,2026-10-01,基準価額 自動取得
29313233,ニッセイNASDAQ100インデックスファンド,mutualFund,28656,JPY,auto-mutual-fund,2026-10-01,基準価額 自動取得
01313098,野村世界業種別投資シリーズ（世界半導体株投資）,mutualFund,342430,JPY,auto-mutual-fund,2026-10-01,基準価額 自動取得
4731299C,DLIBJ公社債オープン（中期コース）,mutualFund,8684,JPY,auto-mutual-fund,2026-10-01,基準価額 自動取得
AJ312217,Smart-i ゴールドファンド（為替ヘッジあり）,mutualFund,17389,JPY,auto-mutual-fund,2026-10-01,基準価額 自動取得
9432,NTT,japanStock,169.1,JPY,auto-japan-stock,2026-10-02,株価 自動取得
8410,セブン銀行,japanStock,338.3,JPY,auto-japan-stock,2026-10-02,株価 自動取得
6857,アドバンテスト,japanStock,38280,JPY,auto-japan-stock,2026-10-02,株価 自動取得
7741,HOYA,japanStock,23750,JPY,auto-japan-stock,2026-10-02,株価 自動取得
BTC,Bitcoin,crypto,13384172,JPY,auto-crypto,2026-10-02,JPY価格 自動取得
ETH,Ethereum,crypto,426805,JPY,auto-crypto,2026-10-02,JPY価格 自動取得
XRP,XRP,crypto,235.91,JPY,auto-crypto,2026-10-02,JPY価格 自動取得
SOL,Solana,crypto,18687.31,JPY,auto-crypto,2026-10-02,JPY価格 自動取得
DOGE,Dogecoin,crypto,14.88,JPY,auto-crypto,2026-10-02,JPY価格 自動取得
1605,INPEX,japanStock,3278,JPY,auto-japan-stock,2026-06-29,株価 自動取得
1662,石油資源開発,japanStock,1605,JPY,auto-japan-stock,2026-06-29,株価 自動取得
167A,リョーサン菱洋ホールディングス,japanStock,2685,JPY,auto-japan-stock,2026-06-29,株価 自動取得
1833,奥村組,japanStock,5700,JPY,auto-japan-stock,2026-06-29,株価 自動取得
2802,味の素,japanStock,5816,JPY,auto-japan-stock,2026-06-29,株価 自動取得
2914,JT,japanStock,6026,JPY,auto-japan-stock,2026-06-29,株価 自動取得
3245,ディア・ライフ,japanStock,1025,JPY,auto-japan-stock,2026-06-29,株価 自動取得
4041,日本曹達,japanStock,3580,JPY,auto-japan-stock,2026-06-29,株価 自動取得
4061,デンカ,japanStock,4360,JPY,auto-japan-stock,2026-06-29,株価 自動取得
4063,信越化学工業,japanStock,6942,JPY,auto-japan-stock,2026-06-29,株価 自動取得
4452,花王,japanStock,3250,JPY,auto-japan-stock,2026-06-29,株価 自動取得
4502,武田薬品工業,japanStock,5176,JPY,auto-japan-stock,2026-06-29,株価 自動取得
4503,アステラス製薬,japanStock,2171,JPY,auto-japan-stock,2026-06-29,株価 自動取得
4519,中外製薬,japanStock,7574,JPY,auto-japan-stock,2026-06-29,株価 自動取得
4568,第一三共,japanStock,2614,JPY,auto-japan-stock,2026-06-29,株価 自動取得
4661,オリエンタルランド,japanStock,2498.5,JPY,auto-japan-stock,2026-06-29,株価 自動取得
4901,富士フイルムHD,japanStock,3513,JPY,auto-japan-stock,2026-06-29,株価 自動取得
5021,コスモエネルギーホールディングス,japanStock,3775,JPY,auto-japan-stock,2026-06-29,株価 自動取得
5401,日本製鉄,japanStock,546.1,JPY,auto-japan-stock,2026-06-29,株価 自動取得
5444,大和工業,japanStock,12115,JPY,auto-japan-stock,2026-06-29,株価 自動取得
6098,リクルートHD,japanStock,11295,JPY,auto-japan-stock,2026-06-29,株価 自動取得
6305,日立建機,japanStock,5271,JPY,auto-japan-stock,2026-06-29,株価 自動取得
6367,ダイキン工業,japanStock,24460,JPY,auto-japan-stock,2026-06-29,株価 自動取得
6501,日立製作所,japanStock,4486,JPY,auto-japan-stock,2026-06-29,株価 自動取得
6723,ルネサスエレクトロニクス,japanStock,4810,JPY,auto-japan-stock,2026-06-29,株価 自動取得
6758,ソニーグループ,japanStock,3299,JPY,auto-japan-stock,2026-06-29,株価 自動取得
6954,ファナック,japanStock,7051,JPY,auto-japan-stock,2026-06-29,株価 自動取得
6981,村田製作所,japanStock,10740,JPY,auto-japan-stock,2026-06-29,株価 自動取得
7011,三菱重工業,japanStock,3651,JPY,auto-japan-stock,2026-06-29,株価 自動取得
7203,トヨタ自動車,japanStock,2772,JPY,auto-japan-stock,2026-06-29,株価 自動取得
7278,エクセディ,japanStock,5830,JPY,auto-japan-stock,2026-06-29,株価 自動取得
7974,任天堂,japanStock,6935,JPY,auto-japan-stock,2026-06-29,株価 自動取得
8001,伊藤忠商事,japanStock,1849.5,JPY,auto-japan-stock,2026-06-29,株価 自動取得
8058,三菱商事,japanStock,4414,JPY,auto-japan-stock,2026-06-29,株価 自動取得
8304,あおぞら銀行,japanStock,2711.5,JPY,auto-japan-stock,2026-06-29,株価 自動取得
8306,三菱UFJ FG,japanStock,3211,JPY,auto-japan-stock,2026-06-29,株価 自動取得
8316,三井住友FG,japanStock,6344,JPY,auto-japan-stock,2026-06-29,株価 自動取得
8473,SBIホールディングス,japanStock,2687,JPY,auto-japan-stock,2026-06-29,株価 自動取得
8593,三菱HCキャピタル,japanStock,1319.5,JPY,auto-japan-stock,2026-06-29,株価 自動取得
8766,東京海上HD,japanStock,7248,JPY,auto-japan-stock,2026-06-29,株価 自動取得
8892,日本エスコン,japanStock,1082,JPY,auto-japan-stock,2026-06-29,株価 自動取得
9022,JR東海,japanStock,3485,JPY,auto-japan-stock,2026-06-29,株価 自動取得
9104,商船三井,japanStock,5234,JPY,auto-japan-stock,2026-06-29,株価 自動取得
9433,KDDI,japanStock,2717,JPY,auto-japan-stock,2026-06-29,株価 自動取得
9436,沖縄セルラー電話,japanStock,3725,JPY,auto-japan-stock,2026-06-29,株価 自動取得
9503,関西電力,japanStock,2308.5,JPY,auto-japan-stock,2026-06-29,株価 自動取得
9513,電源開発,japanStock,3722,JPY,auto-japan-stock,2026-06-29,株価 自動取得
9735,セコム,japanStock,6451,JPY,auto-japan-stock,2026-06-29,株価 自動取得
9759,NSD,japanStock,2485,JPY,auto-japan-stock,2026-06-29,株価 自動取得
9843,ニトリHD,japanStock,2482.5,JPY,auto-japan-stock,2026-06-29,株価 自動取得
AAPL,Apple,usStock,330.32,USD,auto-us-stock,2026-10-02,株価 自動取得
ABBV,AbbVie,usStock,259.93,USD,auto-us-stock,2026-10-02,株価 自動取得
ACN,Accenture,usStock,212.3,USD,auto-us-stock,2026-10-02,株価 自動取得
AEHR,Aehr Test Systems,usStock,101.6,USD,auto-us-stock,2026-10-02,株価 自動取得
AMAT,Applied Materials,usStock,529.3,USD,auto-us-stock,2026-10-02,株価 自動取得
AMZN,Amazon,usStock,248.23,USD,auto-us-stock,2026-10-02,株価 自動取得
ASML,ASML Holding,usStock,1808.49,USD,auto-us-stock,2026-10-02,株価 自動取得
AVGO,Broadcom,usStock,343.64,USD,auto-us-stock,2026-10-02,株価 自動取得
AWK,American Water Works,usStock,127.86,USD,auto-us-stock,2026-10-02,株価 自動取得
BRK.B,Berkshire Hathaway,usStock,500.5,USD,auto-us-stock,2026-10-02,株価 自動取得
CB,Chubb,usStock,325.25,USD,auto-us-stock,2026-10-01,株価 自動取得
CEG,Constellation Energy,usStock,258.92,USD,auto-us-stock,2026-10-02,株価 自動取得
COST,Costco,usStock,914.94,USD,auto-us-stock,2026-10-02,株価 自動取得
CSCO,Cisco,usStock,108.76,USD,auto-us-stock,2026-10-02,株価 自動取得
CVX,Chevron,usStock,207.1,USD,auto-us-stock,2026-10-02,株価 自動取得
DAL,Delta Air Lines,usStock,84.13,USD,auto-us-stock,2026-10-02,株価 自動取得
DUK,Duke Energy,usStock,113.74,USD,auto-us-stock,2026-10-02,株価 自動取得
ETN,Eaton,usStock,429.71,USD,auto-us-stock,2026-10-01,株価 自動取得
GOOGL,Alphabet,usStock,338.24,USD,auto-us-stock,2026-10-02,株価 自動取得
IONQ,IonQ,usStock,43.99,USD,auto-us-stock,2026-10-02,株価 自動取得
ISRG,Intuitive Surgical,usStock,401.24,USD,auto-us-stock,2026-10-02,株価 自動取得
JNJ,Johnson & Johnson,usStock,258.66,USD,auto-us-stock,2026-10-02,株価 自動取得
JPM,JPMorgan Chase,usStock,333.18,USD,auto-us-stock,2026-10-02,株価 自動取得
KO,Coca-Cola,usStock,86.1,USD,auto-us-stock,2026-10-02,株価 自動取得
LIN,Linde,usStock,469.45,USD,auto-us-stock,2026-10-02,株価 自動取得
LLY,Eli Lilly,usStock,1149.85,USD,auto-us-stock,2026-10-02,株価 自動取得
MA,Mastercard,usStock,550,USD,auto-us-stock,2026-10-02,株価 自動取得
META,Meta Platforms,usStock,725.93,USD,auto-us-stock,2026-10-02,株価 自動取得
MSFT,Microsoft,usStock,512.8,USD,auto-us-stock,2026-10-02,株価 自動取得
NEE,NextEra Energy,usStock,76.35,USD,auto-us-stock,2026-10-02,株価 自動取得
NVDA,NVIDIA,usStock,230.86,USD,auto-us-stock,2026-10-02,株価 自動取得
O,Realty Income,usStock,53.53,USD,auto-us-stock,2026-10-02,株価 自動取得
ORCL,Oracle,usStock,138.07,USD,auto-us-stock,2026-10-02,株価 自動取得
PEP,PepsiCo,usStock,125.6,USD,auto-us-stock,2026-10-02,株価 自動取得
PG,Procter & Gamble,usStock,143.95,USD,auto-us-stock,2026-10-02,株価 自動取得
RKLB,Rocket Lab,usStock,70.46,USD,auto-us-stock,2026-10-02,株価 自動取得
SO,Southern Company,usStock,83.47,USD,auto-us-stock,2026-10-02,株価 自動取得
TMO,Thermo Fisher,usStock,652.51,USD,auto-us-stock,2026-10-02,株価 自動取得
TSM,Taiwan Semiconductor,usStock,459.2,USD,auto-us-stock,2026-10-02,株価 自動取得
UNH,UnitedHealth,usStock,365.2,USD,auto-us-stock,2026-10-02,株価 自動取得
UPS,UPS,usStock,93.89,USD,auto-us-stock,2026-10-02,株価 自動取得
V,Visa,usStock,359.85,USD,auto-us-stock,2026-10-02,株価 自動取得
VZ,Verizon,usStock,45.98,USD,auto-us-stock,2026-10-02,株価 自動取得
WCN,Waste Connections,usStock,150.66,USD,auto-us-stock,2026-10-02,株価 自動取得
WM,Waste Management,usStock,201.9,USD,auto-us-stock,2026-10-02,株価 自動取得
WMB,Williams Companies,usStock,67.97,USD,auto-us-stock,2026-10-01,株価 自動取得
XOM,Exxon Mobil,usStock,163.82,USD,auto-us-stock,2026-10-02,株価 自動取得
